[
    {
        "page": 1,
        "question": "1 ",
        "images": "images\\page1_image1.jpeg",
        "option_images": [
            "images\\page1_image2.png",
            "images\\page1_image3.png",
            "images\\page1_image4.png",
            "images\\page1_image5.png",
            "images\\page1_image6.png",
            "images\\page1_image7.png",
            "images\\page1_image8.png",
            "images\\page1_image9.png",
            "images\\page1_image10.png"
        ]
    },
    {
        "page": 2,
        "question": "2 ",
        "images": "images\\page2_image1.jpeg",
        "option_images": [
            "images\\page2_image2.png",
            "images\\page2_image3.png",
            "images\\page2_image4.png",
            "images\\page2_image5.png",
            "images\\page2_image6.jpeg",
            "images\\page2_image7.png"
        ]
    },
    {
        "page": 3,
        "question": "3 ",
        "images": "images\\page3_image1.jpeg",
        "option_images": [
            "images\\page3_image2.png"
        ]
    },
    {
        "page": 4,
        "question": "4 ",
        "images": "images\\page4_image1.jpeg",
        "option_images": [
            "images\\page4_image2.jpeg",
            "images\\page4_image3.png",
            "images\\page4_image4.png",
            "images\\page4_image5.png"
        ]
    },
    {
        "page": 5,
        "question": "5 ",
        "images": "images\\page5_image1.jpeg",
        "option_images": [
            "images\\page5_image2.png",
            "images\\page5_image3.png",
            "images\\page5_image4.png",
            "images\\page5_image5.png"
        ]
    },
    {
        "page": 6,
        "question": "6 ",
        "images": "images\\page6_image1.jpeg",
        "option_images": [
            "images\\page6_image2.png",
            "images\\page6_image3.png"
        ]
    },
    {
        "page": 7,
        "question": "7 ",
        "images": "images\\page7_image1.jpeg",
        "option_images": []
    },
    {
        "page": 8,
        "question": "8 ",
        "images": "images\\page8_image1.jpeg",
        "option_images": [
            "images\\page8_image2.jpeg",
            "images\\page8_image3.jpeg",
            "images\\page8_image4.jpeg",
            "images\\page8_image5.jpeg",
            "images\\page8_image6.png",
            "images\\page8_image7.png",
            "images\\page8_image8.png",
            "images\\page8_image9.png"
        ]
    },
    {
        "page": 9,
        "question": "9 ",
        "images": "images\\page9_image1.jpeg",
        "option_images": [
            "images\\page9_image2.png",
            "images\\page9_image3.png",
            "images\\page9_image4.png",
            "images\\page9_image5.png",
            "images\\page9_image6.png"
        ]
    },
    {
        "page": 10,
        "question": "10 ",
        "images": "images\\page10_image1.jpeg",
        "option_images": [
            "images\\page10_image2.png",
            "images\\page10_image3.png",
            "images\\page10_image4.png"
        ]
    },
    {
        "page": 11,
        "question": "11 ",
        "images": "images\\page11_image1.jpeg",
        "option_images": [
            "images\\page11_image2.png",
            "images\\page11_image3.png",
            "images\\page11_image4.jpeg"
        ]
    },
    {
        "page": 12,
        "question": "12 ",
        "images": "images\\page12_image1.jpeg",
        "option_images": [
            "images\\page12_image2.png"
        ]
    },
    {
        "page": 13,
        "question": "13 ",
        "images": "images\\page13_image1.jpeg",
        "option_images": [
            "images\\page13_image2.png",
            "images\\page13_image3.png"
        ]
    },
    {
        "page": 14,
        "question": "14 ",
        "images": "images\\page14_image1.jpeg",
        "option_images": []
    }
]